step,elapsed_seconds,train_total_loss,train_l1_loss,train_kld_loss,gradient_norm,val_l1_loss
0,0.0,,,,,0.8317538535793877
50,9.039184676483274,10.934224567413331,0.48419025659561155,1.0450034302473068,190.18002670288087,
100,14.194128612056375,3.7663717889785766,0.37104609966278074,0.3395325690507889,67.93567588806152,
150,19.40990148484707,2.966541037559509,0.3356767249107361,0.2630864280462265,54.6909765625,
200,24.624884812161326,2.640467472076416,0.3232569348812103,0.23172105312347413,51.644943695068356,
250,32.92063937895,2.424842176437378,0.3080555093288422,0.21167866587638856,47.54070983886719,0.26761157145013553
300,38.366708375513554,2.2380922269821166,0.2840287405252457,0.19540634930133818,45.58303939819336,
350,43.595542376860976,2.115551702976227,0.27022302567958834,0.18453286558389664,43.15498809814453,
400,48.662941643968225,1.9725145053863526,0.2531587755680084,0.17193557292222977,42.13705741882324,
450,54.094360537827015,1.8769554138183593,0.24028826385736465,0.16366671532392502,42.00946388244629,
500,62.89339257776737,1.774198067188263,0.22743151754140853,0.1546766549348831,40.71911209106445,0.20870076703321336
550,68.10385940037668,1.6819756770133971,0.22490816444158554,0.14570675194263458,37.683310165405274,
600,73.37074396945536,1.6090049862861633,0.21103204160928726,0.13979729503393173,36.83950927734375,
650,78.87778921239078,1.5223470187187196,0.20579576700925828,0.13165512546896935,35.455304832458495,
700,84.30199217610061,1.46500807762146,0.19650331109762192,0.12685047671198846,35.330276794433594,
750,93.02596547082067,1.3946143674850464,0.19500301361083985,0.11996113434433937,34.69778839111328,0.18426632976807433
800,98.46370530128479,1.3490222430229186,0.18966849237680436,0.11593537524342537,33.54213764190674,
850,103.7252833172679,1.2900231027603148,0.18274118036031722,0.11072819158434868,32.48707275390625,
900,108.92228603549302,1.222911741733551,0.17963141024112703,0.10432803183794022,32.57105430603028,
950,114.28629857487977,1.1791939449310302,0.17536129623651506,0.1003832645714283,30.216829414367677,
1000,122.939686588943,1.116017460823059,0.169045307636261,0.09469721511006356,29.950675392150877,0.16274665594483523
1050,129.06275580078363,1.0730597496032714,0.16685316622257232,0.09062065795063973,30.063360595703124,
1100,134.50288497284055,1.024600567817688,0.16253096342086792,0.0862069609761238,29.418246459960937,
1150,139.92138355597854,0.9770329988002777,0.15739769071340562,0.08196353062987327,28.904193687438966,
1200,145.0911814942956,0.9361858904361725,0.15265605032444,0.07835298433899879,27.686565399169922,
1250,153.0938328448683,0.8928951597213746,0.15220557704567908,0.07406895875930786,27.7560205078125,0.14411836003690998
1300,158.4696484208107,0.8507832396030426,0.14715662360191345,0.07036266177892685,26.698263854980468,
1350,163.93180509656668,0.8219893991947174,0.14715316414833068,0.06748362340033054,26.76255111694336,
1400,169.33031146787107,0.7798704469203949,0.14183979496359825,0.06380306549370289,26.290344581604003,
1450,174.52007841691375,0.7531332838535308,0.14101968079805374,0.061211360320448875,25.668104782104493,
1500,182.7256472799927,0.7192648923397065,0.13841288268566132,0.058085200786590574,24.920004577636718,0.13383275204468448
1550,187.733152218163,0.6915494477748871,0.14018848016858101,0.055136096999049186,23.624357681274414,
1600,192.9226508885622,0.6581399524211884,0.13475043967366218,0.05233895137906074,23.873956718444823,
1650,198.32246997207403,0.6401600348949432,0.13446122035384178,0.050569881498813626,23.317709846496584,
1700,203.72833223454654,0.6082675850391388,0.13257328361272813,0.047569430097937584,21.80039276123047,
1750,212.4633058924228,0.5827246999740601,0.12897354409098624,0.04537511587142944,22.43804286956787,0.13348024688536764
1800,217.7981754206121,0.5574839794635773,0.1272340378165245,0.043024993911385534,21.08422872543335,
1850,223.21601189672947,0.5342025005817413,0.12976279065012933,0.04044397130608559,19.6695512008667,
1900,228.63656377606094,0.5082454496622085,0.12632663279771805,0.03819188147783279,20.296111335754393,
1950,234.05557976476848,0.4893643027544022,0.12577992230653762,0.036358437836170196,20.533843994140625,
2000,242.7516237720847,0.4774413025379181,0.12203991457819939,0.03554013893008232,19.70198173522949,0.12209335450604271
2050,248.9607673883438,0.452963815331459,0.12293924584984779,0.03300245687365532,19.39233304977417,
2100,254.30879111588,0.4371712845563889,0.12180812999606133,0.031536315642297266,18.686590976715088,
2150,259.3290121983737,0.42531419575214385,0.12160208821296692,0.03037121061235666,17.98744478225708,
2200,264.3674569129944,0.4033601593971252,0.11641868963837623,0.028694146946072578,17.95884014129639,
2250,272.8745946884155,0.3847914803028107,0.11226238936185837,0.02725290920585394,17.21096044540405,0.1287276573259197
2300,278.3089369814843,0.3774830520153046,0.115466428399086,0.02620166216045618,17.125815982818605,
2350,283.68455172888935,0.35209439158439637,0.10959294185042381,0.024250145070254803,16.533640632629396,
2400,289.13904062099755,0.35112000167369845,0.11355545952916145,0.0237564542517066,16.566108360290528,
2450,294.54215663671494,0.3353745061159134,0.11015066802501679,0.022522383891046046,16.356481781005858,
2500,303.24703956767917,0.32653887510299684,0.10946709156036377,0.021707178354263307,15.598142929077149,0.11289772467833581
2550,308.73504590056837,0.3169735860824585,0.11020448088645934,0.02067691046744585,15.667678928375244,
2600,314.2303870078176,0.30295361995697023,0.10517132997512818,0.0197782289609313,15.181502285003662,
2650,319.71170311048627,0.29118901550769805,0.10216957449913025,0.018901944160461426,15.149767913818359,
2700,325.0866958256811,0.2878033822774887,0.1044422996044159,0.018336108401417733,14.445342769622803,
2750,333.95722388103604,0.28321714550256727,0.10312509506940842,0.018009205274283888,15.078525505065919,0.10722565103384435
2800,339.4409458283335,0.27285126358270645,0.10274518370628356,0.017010607942938804,14.233345737457276,
2850,344.9105975776911,0.26338696509599685,0.10202602282166481,0.016136094331741332,13.741270656585693,
2900,350.3437191583216,0.26275551557540894,0.10016704052686691,0.016258847340941428,13.975733547210693,
2950,355.77754702046514,0.25021740823984145,0.097691870033741,0.015252553708851337,13.829477767944336,
3000,364.58179960027337,0.24611580431461333,0.09540044918656349,0.015071535408496857,14.2562553024292,0.10627371885733672
3050,370.7729946356267,0.2386176434159279,0.0950649106502533,0.01435527328401804,13.67476541519165,
3100,376.2969664223492,0.23035863816738128,0.09419895604252815,0.013615968320518732,12.943067359924317,
3150,381.6697904281318,0.2291113144159317,0.09542949303984642,0.013368182200938463,13.028317527770996,
3200,387.1098337043077,0.2247103914618492,0.09541840061545372,0.012929199114441872,12.821539497375488,
3250,395.9031614251435,0.22054610908031463,0.09359596118330955,0.012695014830678702,12.930851039886475,0.10033605395026017
3300,401.166490284726,0.2110085329413414,0.09033596724271774,0.01206725662574172,12.215007781982422,
3350,406.5458296723664,0.21347891986370088,0.09437783479690552,0.011910108458250761,12.280423679351806,
3400,411.99334122240543,0.20723175644874572,0.0920885680615902,0.011514318902045488,12.297340431213378,
3450,417.47375240921974,0.19988623708486558,0.08885134011507034,0.011103489678353071,11.636809749603271,
3500,426.2012413609773,0.19484246730804444,0.08521834582090378,0.010962412171065807,11.938191890716553,0.09348110301809838
3550,431.62077269144356,0.19276095628738404,0.08634684428572655,0.010641411188989877,11.914294967651367,
3600,436.74555188044906,0.1865802612900734,0.08413298189640045,0.010244727954268456,11.423514099121094,
3650,441.96580530516803,0.1888142916560173,0.08649199590086937,0.010232229437679052,11.76046838760376,
3700,447.301272591576,0.17956649243831635,0.08319558605551719,0.009637090675532818,11.528706912994386,
3750,455.9460317734629,0.18603760361671448,0.08875998914241791,0.009727761540561914,11.126988525390624,0.09992349295086671
3800,461.3910974767059,0.1773170730471611,0.08267398148775101,0.009464309196919202,11.335687980651855,
3850,466.6395588237792,0.17264952391386032,0.08274936363101006,0.008990016095340251,10.580141754150391,
3900,471.6479802560061,0.17298854053020477,0.0831677983701229,0.008982074074447155,11.277603168487548,
3950,476.7511658370495,0.17108431547880174,0.0843165922164917,0.008676772341132163,10.337801303863525,
4000,485.7188099678606,0.16437008649110793,0.08129298307001591,0.008307710252702237,10.274024276733398,0.09026579607627205
4050,491.85996242053807,0.16153580337762832,0.07870023533701896,0.008283556699752807,10.204157524108886,
4100,497.3133510276675,0.16214252769947052,0.08048280820250511,0.008165971897542477,10.194403810501099,
4150,502.779115986079,0.15749962657690048,0.07943379744887352,0.0078065827675163745,9.615322580337525,
4200,508.2474424932152,0.15692951261997223,0.07917779840528966,0.007775171454995871,10.218664207458495,
4250,517.0918323788792,0.15248497039079667,0.07853806897997856,0.007394690215587616,10.213301868438721,0.08904653808654349
4300,522.3180696349591,0.15164980053901672,0.07689326241612435,0.007475653942674398,10.477372236251831,
4350,527.3629601560533,0.14708108127117156,0.07448967851698399,0.007259140498936176,9.963378267288208,
4400,532.4291159398854,0.1520502820611,0.07989946752786636,0.007215081490576267,10.11007158279419,
4450,537.4744469244033,0.14583834931254386,0.07719352230429649,0.0068644826672971246,9.59680341720581,
4500,546.178783884272,0.1446690434217453,0.07656029924750328,0.006810874361544848,9.54677258491516,0.08400445762873461
4550,551.6432965006679,0.14245822608470918,0.07582937762141227,0.006662884950637818,9.535816841125488,
4600,557.0694384761155,0.13919014796614648,0.07347295947372913,0.006571718864142895,8.858170127868652,
4650,562.5119770392776,0.13730299592018128,0.07195191718637943,0.006535107772797346,9.770582237243651,
4700,568.0078219641,0.13500000029802323,0.07250491321086884,0.006249508690088988,9.669984683990478,
4750,576.7989951726049,0.13351764351129533,0.07073952548205853,0.006277811853215099,9.391118946075439,0.08603913591402333
4800,582.3811695687473,0.13391993477940559,0.07486293286085129,0.005905700232833624,9.221463022232056,
4850,587.5109987352043,0.13069011077284812,0.07117769293487072,0.005951241757720709,8.76659306526184,
4900,592.9610210675746,0.13089564129710196,0.07140077479183674,0.005949486680328846,8.939591665267944,
4950,598.4142248462886,0.130156359821558,0.0712983874976635,0.005885797329246998,9.112577209472656,
5000,606.8086143303663,0.12525905415415764,0.06975898392498493,0.0055500069539994,8.775149879455567,0.08509288912827917
