seed,initial_cube_x,initial_cube_y,initial_cube_z,final_cube_x,final_cube_y,final_cube_z,success,steps,termination_reason,maximum_cube_height,clipped_steps,clipped_step_fraction,clipped_elements,clipped_element_fraction,clipped_delta_x_fraction,clipped_delta_y_fraction,clipped_delta_z_fraction,clipped_gripper_fraction,maximum_action_excess,mean_inference_ms
1000,-0.003165513277053833,-0.028949206694960594,0.8305607438087463,-0.03789829835295677,-0.025450557470321655,0.8719891309738159,False,300,max_episode_steps,0.8828708529472351,299,0.9966666666666667,299,0.24916666666666668,0.0,0.0,0.0,0.9966666666666667,0.09636914730072021,4.871779860307773
1001,-0.023488551378250122,0.023354405537247658,0.8304221630096436,-0.011876894161105156,0.023235579952597618,0.8209702372550964,False,300,max_episode_steps,0.8304221630096436,300,1.0,300,0.25,0.0,0.0,0.0,1.0,0.07667255401611328,4.122523553669453
1002,-0.02868971787393093,-0.025502506643533707,0.8300641179084778,-0.03071785718202591,-0.026104332879185677,0.880433976650238,True,75,success,0.8829578161239624,74,0.9866666666666667,74,0.24666666666666667,0.0,0.0,0.0,0.9866666666666667,0.08624899387359619,3.20461705327034
1003,0.02025057189166546,-0.0013553000753745437,0.8302295207977295,0.019331008195877075,-0.0032029785215854645,0.8846020698547363,True,80,success,0.8873194456100464,79,0.9875,79,0.246875,0.0,0.0,0.0,0.9875,0.11087262630462646,4.2597383027896285
1004,-0.024750428274273872,-0.027848094701766968,0.8319305777549744,-0.02565564401447773,-0.025962520390748978,0.882017970085144,True,67,success,0.8843681216239929,66,0.9850746268656716,66,0.2462686567164179,0.0,0.0,0.0,0.9850746268656716,0.08900713920593262,4.340256967428905
1005,0.017537245526909828,-0.026678064838051796,0.8319076299667358,0.021888749673962593,-0.0232254471629858,0.8233617544174194,False,300,max_episode_steps,0.8319076299667358,299,0.9966666666666667,299,0.24916666666666668,0.0,0.0,0.0,0.9966666666666667,0.12079513072967529,4.231257997453213
1006,-0.00022586404520552605,2.9734377676504664e-05,0.830039918422699,-0.0014466732973232865,-0.0021140421740710735,0.8859443068504333,True,72,success,0.888196587562561,71,0.9861111111111112,71,0.2465277777777778,0.0,0.0,0.0,0.9861111111111112,0.11601686477661133,4.363965165490906
1007,-0.005152162164449692,0.014994288794696331,0.8316653370857239,-0.0029447649139910936,0.01663222722709179,0.886005699634552,True,195,success,0.8884968757629395,194,0.9948717948717949,194,0.24871794871794872,0.0,0.0,0.0,0.9948717948717949,0.09662926197052002,4.235370562244684
1008,-0.008381420746445656,-0.00906751211732626,0.8317700624465942,-0.009806634858250618,-0.010942117311060429,0.8842782974243164,True,71,success,0.8873090744018555,70,0.9859154929577465,70,0.24647887323943662,0.0,0.0,0.0,0.9859154929577465,0.10609829425811768,4.402681030857731
1009,0.029230685904622078,-0.0041802371852099895,0.8312629461288452,0.028806427493691444,-0.005474638659507036,0.8879635334014893,True,76,success,0.8898941278457642,75,0.9868421052631579,75,0.24671052631578946,0.0,0.0,0.0,0.9868421052631579,0.09340465068817139,4.344526678323746
1010,-0.0284909475594759,-0.01056820061057806,0.8316956758499146,-0.016913482919335365,-0.009012551978230476,0.8847488760948181,True,221,success,0.8880749344825745,220,0.995475113122172,220,0.248868778280543,0.0,0.0,0.0,0.995475113122172,0.09688949584960938,4.044708117370692
1011,0.0067830015905201435,-0.00730974692851305,0.831693172454834,-0.04218162223696709,-0.005847098771482706,0.8744611740112305,False,300,max_episode_steps,0.8835617303848267,299,0.9966666666666667,299,0.24916666666666668,0.0,0.0,0.0,0.9966666666666667,0.10199415683746338,4.2154207328955335
1012,-0.015277032740414143,0.018216313794255257,0.8309746980667114,-0.017172707244753838,0.018420414999127388,0.8845908641815186,True,66,success,0.8872975707054138,66,1.0,66,0.25,0.0,0.0,0.0,1.0,0.09926438331604004,4.348231592413151
1013,-0.018063640221953392,0.019686665385961533,0.8316864967346191,-0.019117971882224083,0.017539801076054573,0.8832117915153503,True,66,success,0.8859239220619202,65,0.9848484848484849,65,0.24621212121212122,0.0,0.0,0.0,0.9848484848484849,0.08097255229949951,4.309272139587186
1014,-0.011267322115600109,0.0279079582542181,0.8303677439689636,-0.012656216509640217,0.027846897020936012,0.8827763795852661,True,75,success,0.8856344819068909,74,0.9866666666666667,74,0.24666666666666667,0.0,0.0,0.0,0.9866666666666667,0.10643661022186279,4.227676838636398
1015,0.023646516725420952,0.028153706341981888,0.8313724398612976,0.023054325953125954,0.02313016727566719,0.8851606845855713,True,87,success,0.8878697752952576,86,0.9885057471264368,86,0.2471264367816092,0.0,0.0,0.0,0.9885057471264368,0.10781621932983398,4.286883313251638
1016,-0.02564387209713459,-0.007860418409109116,0.8317804336547852,-0.041240766644477844,-0.011067582294344902,0.8209301233291626,False,300,max_episode_steps,0.8788919448852539,299,0.9966666666666667,299,0.24916666666666668,0.0,0.0,0.0,0.9966666666666667,0.09585118293762207,4.215714130550623
1017,-0.010909282602369785,0.0029535279609262943,0.8310958743095398,-0.01241570059210062,0.0017526996089145541,0.8858322501182556,True,68,success,0.8881040215492249,67,0.9852941176470589,67,0.24632352941176472,0.0,0.0,0.0,0.9852941176470589,0.07260417938232422,4.318843376548851
1018,-0.0069556827656924725,-0.006518553476780653,0.8307260274887085,-0.004913514479994774,-0.007166821975260973,0.8833751082420349,True,104,success,0.8862021565437317,104,1.0,104,0.25,0.0,0.0,0.0,1.0,0.08637678623199463,4.240714944899082
1019,0.0009156292653642595,0.017294663935899734,0.8302173614501953,0.0003010618092957884,0.013529682531952858,0.8859052658081055,True,72,success,0.8883538246154785,71,0.9861111111111112,71,0.2465277777777778,0.0,0.0,0.0,0.9861111111111112,0.09117460250854492,4.312787696512209
1020,0.0066479905508458614,0.013682476244866848,0.8314644694328308,0.006458161398768425,0.010546565055847168,0.8856592178344727,True,76,success,0.8883784413337708,75,0.9868421052631579,75,0.24671052631578946,0.0,0.0,0.0,0.9868421052631579,0.0788036584854126,4.351214897867881
1021,0.01693142205476761,-0.00574010843411088,0.8305639624595642,0.022270414978265762,-0.006065493915230036,0.8205583691596985,False,300,max_episode_steps,0.8305639624595642,300,1.0,300,0.25,0.0,0.0,0.0,1.0,0.13193261623382568,4.20476301262776
1022,0.024741152301430702,-0.022380733862519264,0.8314248919487,0.02373131923377514,-0.021058660000562668,0.8868514895439148,True,76,success,0.8896439075469971,76,1.0,76,0.25,0.0,0.0,0.0,1.0,0.14800488948822021,4.395813754710711
1023,0.015521298162639141,0.01939626783132553,0.8315551280975342,0.01566920056939125,0.01943378336727619,0.8858047127723694,True,118,success,0.8886159658432007,118,1.0,118,0.25,0.0,0.0,0.0,1.0,0.11058056354522705,4.271818403849157
1024,0.012240293435752392,-0.017186792567372322,0.830884575843811,0.010966516099870205,-0.016939597204327583,0.8821663856506348,True,77,success,0.8852106332778931,76,0.987012987012987,76,0.24675324675324675,0.0,0.0,0.0,0.987012987012987,0.11173903942108154,4.318834149411747
1025,-0.011069659143686295,-0.025016160681843758,0.8303548693656921,-0.059738121926784515,-0.020689548924565315,0.8734771013259888,False,300,max_episode_steps,0.8830838799476624,299,0.9966666666666667,299,0.24916666666666668,0.0,0.0,0.0,0.9966666666666667,0.10530054569244385,4.199439367900292
1026,-0.025580568239092827,0.0011949694016948342,0.8305252194404602,-0.06381789594888687,-0.005051835905760527,0.8808425068855286,True,281,success,0.8827716708183289,258,0.9181494661921709,258,0.22953736654804271,0.0,0.0,0.0,0.9181494661921709,0.08377301692962646,4.228772502723962
1027,-0.00771711440756917,-0.02700556255877018,0.8310888409614563,-0.009205502457916737,-0.025797072798013687,0.8828514814376831,True,66,success,0.8852800130844116,65,0.9848484848484849,65,0.24621212121212122,0.0,0.0,0.0,0.9848484848484849,0.08469796180725098,4.244602652210178
1028,0.015605197288095951,-0.007503274362534285,0.8305466771125793,0.014100296422839165,-0.008235250599682331,0.885630190372467,True,79,success,0.8885124325752258,78,0.9873417721518988,78,0.2468354430379747,0.0,0.0,0.0,0.9873417721518988,0.11148595809936523,4.21287572082085
1029,0.021733194589614868,0.028210261836647987,0.8303194046020508,0.020739112049341202,0.026542963460087776,0.8836838603019714,True,73,success,0.8861131072044373,72,0.9863013698630136,72,0.2465753424657534,0.0,0.0,0.0,0.9863013698630136,0.12142503261566162,4.243336362789755
1030,0.019907889887690544,-0.012102984823286533,0.8308699727058411,-0.01036002952605486,-0.006726921536028385,0.8747050166130066,False,300,max_episode_steps,0.8813555836677551,299,0.9966666666666667,299,0.24916666666666668,0.0,0.0,0.0,0.9966666666666667,0.12771141529083252,4.225016497075558
1031,-0.008009054698050022,-0.0038933607283979654,0.8307598829269409,-0.009190889075398445,-0.00546343345195055,0.8830591440200806,True,66,success,0.886383593082428,65,0.9848484848484849,65,0.24621212121212122,0.0,0.0,0.0,0.9848484848484849,0.10848832130432129,4.382625617312662
1032,0.014485914260149002,0.015286676585674286,0.8310363292694092,0.013245031237602234,0.014638537541031837,0.8855275511741638,True,76,success,0.8878476023674011,75,0.9868421052631579,75,0.24671052631578946,0.0,0.0,0.0,0.9868421052631579,0.10649347305297852,4.343268535050906
1033,0.0011688893428072333,0.019738297909498215,0.8311014175415039,0.0006748914020135999,0.018695034086704254,0.8839091658592224,True,74,success,0.886262059211731,73,0.9864864864864865,73,0.24662162162162163,0.0,0.0,0.0,0.9864864864864865,0.08942031860351562,4.259320202510099
1034,0.004004460293799639,0.012422852218151093,0.831426203250885,-0.02622995525598526,0.008699225261807442,0.8745107054710388,False,300,max_episode_steps,0.8815715909004211,299,0.9966666666666667,299,0.24916666666666668,0.0,0.0,0.0,0.9966666666666667,0.12387442588806152,4.217018305013577
1035,0.018428435549139977,0.026111098006367683,0.8316829204559326,0.017115777358412743,0.021053845062851906,0.8861771821975708,True,78,success,0.8882290124893188,78,1.0,78,0.25,0.0,0.0,0.0,1.0,0.10721683502197266,4.2413257731077
1036,-0.006721002049744129,0.02927817963063717,0.8306456208229065,-0.005970558617264032,0.027304859831929207,0.8811089396476746,True,95,success,0.8837162852287292,94,0.9894736842105263,94,0.24736842105263157,0.0,0.0,0.0,0.9894736842105263,0.10288786888122559,3.845310505283506
1037,-0.027369441464543343,0.013261579908430576,0.8319120407104492,-0.06697726994752884,0.005296234507113695,0.8787358403205872,False,300,max_episode_steps,0.882659912109375,299,0.9966666666666667,299,0.24916666666666668,0.0,0.0,0.0,0.9966666666666667,0.12866437435150146,4.224663811425368
1038,0.016915950924158096,0.015761004760861397,0.8302716612815857,0.016295166686177254,0.013625550083816051,0.885505199432373,True,84,success,0.8878329992294312,84,1.0,84,0.25,0.0,0.0,0.0,1.0,0.10522222518920898,4.247327956060569
1039,-0.0010116527555510402,0.02180178090929985,0.8305620551109314,-0.0018821798730641603,0.020071525126695633,0.8870720863342285,True,68,success,0.8891005516052246,67,0.9852941176470589,67,0.24632352941176472,0.0,0.0,0.0,0.9852941176470589,0.1077355146408081,4.330209511167863
1040,0.013776808977127075,-0.008427700959146023,0.8300777077674866,0.012787037529051304,-0.010877792723476887,0.8850898742675781,True,108,success,0.8875184655189514,107,0.9907407407407407,107,0.24768518518518517,0.0,0.0,0.0,0.9907407407407407,0.11776316165924072,4.2212221909452365
1041,0.019749650731682777,0.003466926049441099,0.8312458395957947,0.01970490999519825,0.0029065068811178207,0.8840587139129639,True,113,success,0.8863310813903809,112,0.9911504424778761,112,0.24778761061946902,0.0,0.0,0.0,0.9911504424778761,0.12496602535247803,4.2618620745112406
1042,0.0008606038754805923,-0.02396129071712494,0.8316987156867981,0.0005117423133924603,-0.02094448357820511,0.8803314566612244,True,76,success,0.8836815357208252,75,0.9868421052631579,75,0.24671052631578946,0.0,0.0,0.0,0.9868421052631579,0.10816502571105957,4.345853543399196
1043,0.014939249493181705,0.027963878586888313,0.830501139163971,0.014154328033328056,0.025194909423589706,0.8844340443611145,True,71,success,0.8870705962181091,70,0.9859154929577465,70,0.24647887323943662,0.0,0.0,0.0,0.9859154929577465,0.10861730575561523,4.368938085898547
1044,-0.029069984331727028,-0.006219896022230387,0.831595242023468,-0.029092948883771896,-0.014779136516153812,0.8821802139282227,True,67,success,0.8853741884231567,66,0.9850746268656716,66,0.2462686567164179,0.0,0.0,0.0,0.9850746268656716,0.09333038330078125,3.9059438311786794
1045,0.014274811372160912,-0.02409876510500908,0.831153154373169,0.01797100156545639,-0.02479993924498558,0.8206562995910645,False,300,max_episode_steps,0.831153154373169,299,0.9966666666666667,299,0.24916666666666668,0.0,0.0,0.0,0.9966666666666667,0.11029434204101562,4.133893890927236
1046,-0.012717828154563904,-0.026119479909539223,0.8306323885917664,-0.013436497189104557,-0.024361109361052513,0.8804788589477539,True,71,success,0.8838801980018616,71,1.0,71,0.25,0.0,0.0,0.0,1.0,0.11591958999633789,4.392257091444983
1047,-0.028512319549918175,-0.012404466047883034,0.8319867849349976,-0.02925579622387886,-0.013563420623540878,0.8823931217193604,True,69,success,0.8844291567802429,68,0.9855072463768116,68,0.2463768115942029,0.0,0.0,0.0,0.9855072463768116,0.10368287563323975,4.259972036748692
1048,-0.003983459435403347,-0.008031047880649567,0.8314246535301208,-0.006308308336883783,-0.008888741955161095,0.8833035230636597,True,66,success,0.8863977789878845,65,0.9848484848484849,65,0.24621212121212122,0.0,0.0,0.0,0.9848484848484849,0.09358489513397217,4.356250872440411
1049,0.010337377898395061,-0.027243150398135185,0.8312692642211914,0.00910976529121399,-0.025630615651607513,0.8854690790176392,True,73,success,0.8876713514328003,72,0.9863013698630136,72,0.2465753424657534,0.0,0.0,0.0,0.9863013698630136,0.11363804340362549,4.299181398667701
